OID_;Join_Count;TARGET_FID;JOIN_FID;Site;Lat;Long;Source;Elevation;D_Treeline;Original_D_Temp;Min_DT;Max_DT;Mean_DT;mat_tstat;mat_sig;mat_sig_val;mat_npts;beyer_dt;chelsa_dt;ecoclimate_dt;paleopgem_dt;worldclim30s_dt;worldclim25m_dt;ggc_dt;MapName;Level_01;Level_02;Level_03;Countries;GMTED2010
1;0;1;-1;Rano Raraku & Rano Aroi (RRA3 & ARO1);-27,15;-109,43;Farrera et al. (1999);n/a;;-1,8 or -2,8 min;-1,8;-2,8;-2,3;;;;;2,3;-0,3000004;0,0684841;0,2580002;2,3;0;-2,3730003;;;;;;7
2;0;2;-1;Catas Atlas;-20,08;-43,37;Farrera et al. (1999);755;;-5 to-7;-5;-7;-6;;;;;2,3468609;1,2374992;2,6351681;3,2919998;2,4000001;2,5;1,3269997;;;;;;773
3;1;3;26;Morro de Itapeva;-22,78;-45,53;Farrera et al. (1999);1850;;-5 to -7;-5;-7;-6;;;;;2,5090771;3,3000002;2,5107899;3,3839989;3,4000001;2,0999999;1,3269997;Atlantic Plateau (Brazil);South America;Brazilian Highlands;Atlantic Plateau (Brazil);Brazil;1683
4;0;4;-1;Botucatu;-22,8;-48,38;Farrera et al. (1999);770;;-5 to-7;-5;-7;-6;;;;;2,3963108;3,0750008;2,3633804;3,0669994;2,4000001;2,4000001;1,3269997;;;;;;471
5;0;5;-1;Equus Cave;-27;24;Farrera et al. (1999);1500;;-3 to-4;-3;-4;-3,5;;;;;-0,2980566;1,2541666;-0,7869329;0,25;-0,8000002;-0,8000002;-1,1730003;;;;;;1320
6;0;6;-1;unknown;-25;15;Bartlein et al. (2011);;;;-12,6469;-7,9531;-10,3;-4,3888;-1;-10,3;1;7,1430443;7,7875011;6,79646;8,366;6,7000001;6,7000001;5,6269997;;;;;;386
7;0;7;-1;unknown;-33;19;Bartlein et al. (2011);;;;-11,0031;-8,1969;-9,6;-6,842;-1;-9,6;1;6,4457088;8,2333332;6,0393215;7,7080008;5,9;5,9;4,9269997;;;;;;165
8;0;8;-1;unknown;-25;19;Bartlein et al. (2011);;;;-5,5551;-5,0449;-5,3;-20,7762;-1;-5,3;1;1,1939943;3,4333332;0,7012146;2,6250008;0,7000001;0,7000001;0,6269997;;;;;;1111
9;0;9;-1;unknown;-33;25;Bartlein et al. (2011);;;;-6,3163;-4,6837;-5,5;-6,7377;-1;-5,5;1;2,5141964;3,8999996;1,8173513;3,0829992;1,8;1,5999999;0,8269997;;;;;;375
10;0;10;-1;unknown;-27;25;Bartlein et al. (2011);;;;-9,9959;-5,4041;-7,7;-3,3538;-1;-7,7;1;3,9583942;5,3541681;3,7928326;4,45;4;4;3,0269997;;;;;;1256
11;0;11;-1;Wonderkrater (4 boreholes);-24,43;28,75;Farrera et al. (1999);1100;-1000;-5 to-6;-5;-6;-5,5;;;;;1,8233166;3,2958336;1,9666872;1,9420004;2,0999999;2;0,8269997;;;;;;1106
12;1;12;28;unknown;-29;29;Bartlein et al. (2011);;;;-4,491;-0,909;-2,7;-1,5075;0;0;2;-0,7759765;0,4958336;-1,0741961;-0,4420002;-1,2000001;-1,3;-1,9729999;Great Escarpment;Africa;Southern African Ranges;Great Escarpment;Angola, Democratic Republic of the Congo, Lesotho, Mozambique, Namibia, Swaziland, South Africa, Zambia, Zimbabwe;3086
13;0;13;-1;unknown;-25;29;Bartlein et al. (2011);;;;-10,0327;-6,7673;-8,4;-5,1449;-1;-8,4;1;4,8026432;6,2666649;4,8435167;4,8420004;4,7;4,8000001;3,7269997;;;;;;987
14;0;14;-1;LAC Lac Suprin;-22,3;166,98;Farrera et al. (1999);230;;-3;-3;-3;-3;;;;;-0,6318893;0,6374989;0,3570213;0,7000008;0,5;0,4000001;-1,6730003;;;;;;238
15;0;15;-1;Lac Xere Wapo;-22,3;166,97;Farrera et al. (1999);235;;-3 to -1;-1;-3;-2;;;;;-1,6318893;-0,3374996;-0,6429787;-0,2999992;-0,5;-0,5999999;-2,6730003;;;;;;168
16;0;16;-1;unknown;-37;175;Bartlein et al. (2011);;;;-6,2862;-4,0138;-5,15;-4,5325;-1;-5,15;2;2,275123;2,1416668;1,9894423;2,7590002;2,0500001;2,0500001;0,4769997;;;;;;81
17;1;17;22;Laguna Junin (A);-11;-76;Farrera et al. (1999);4100;;-7;-7;-7;-7;;;;;2,5004196;4,1291668;3,2475796;4,4910002;3,0999999;3;2,3270001;Central Andes;South America;Andes;Central Andes;Argentina, Bolivia, Chile, Ecuador, Peru;4148
18;0;18;-1;Katira;-9;-63;Farrera et al. (1999);80;;-4±2;-2;-6;-4;;;;;-0,1500816;0,4666672;0,3037701;0,0830002;0,4000001;0,4000001;-0,6730003;;;;;;111
19;0;19;-1;Lago Titicaca;-16;-69;Farrera et al. (1999);3810;;-5 to -7;-5;-7;-6;;;;;0,2828903;2,9041667;1,9020596;3,309;1,5999999;1,6999998;1,3270001;;;;;;3815
20;0;20;-1;Wasa Mayu;-17,53;-65,82;Farrera et al. (1999);2720;;-6 to -7;-6;-7;-6,5;;;;;1,8838348;3,3291664;2,5953526;3,4169998;2,7;2,5999999;1,8269997;;;;;;2757
21;0;21;-1;Cala Conto;-17,57;-65,93;Farrera et al. (1999);2700;;-6 to -7;-6;-7;-6,5;;;;;1,8838348;3,3125;2,5953526;3,4169998;2,5999999;2,5999999;1,8269997;;;;;;2713
22;0;22;-1;Lagoa dos Olhos;-19,53;-43,9;Farrera et al. (1999);730;;-6;-6;-6;-6;;;;;2,2536011;0,083333;2,5849915;3,1420002;2,5;2,5;1,3269997;;;;;;712
23;0;23;-1;unknown;-7;-41;Bartlein et al. (2011);;;;-5,9612;-4,8388;-5,4;-9,6222;-1;-5,4;1;1,0841736;0,5375008;1,9461979;1,3829998;2,2;1,9;0,7269997;;;;;;288
24;0;24;-1;unknown;-5;15;Bartlein et al. (2011);;;;-3,7184;-1,8816;-2,8;-3,0488;-1;-2,8;1;-1,4568111;-0,4041683;-0,6717503;-1,075;-0,7999999;-0,7;-1,8730003;;;;;;608
25;1;25;75;Kashiru;-3,48;29,57;Farrera et al. (1999);2240;-1400 to -1900;-2,5 to -3;-2,5;-3;-2,75;;;;;-2,1062164;-0,2124996;-1,2538519;0,2999992;-0,95;-1,25;-1,9230003;Albertine Rift Mountains;Africa;East African Highlands;Albertine Rift Mountains;Burundi, Democratic Republic of the Congo, Rwanda, South Sudan, Tanzania, Uganda, Zambia;2162
26;1;26;75;Kashiru-88;-3,48;29,57;Farrera et al. (1999);2240;-1000;-5 to-6;-5;-6;-5,5;;;;;0,6437836;2,5375004;1,4961481;3,0499992;1,8;1,5;0,8269997;Albertine Rift Mountains;Africa;East African Highlands;Albertine Rift Mountains;Burundi, Democratic Republic of the Congo, Rwanda, South Sudan, Tanzania, Uganda, Zambia;2162
27;0;27;-1;North Tanganyika (SD24);-4,5;29,33;Farrera et al. (1999);773;;-4 min;-4;-4;-4;;;;;-0,4494019;1,5083332;0,2181282;1,4659996;0,4000001;0,4000001;-0,6730003;;;;;;767
28;0;28;-1;Kalambo Falls;-8,5;31,25;Farrera et al. (1999);1200;;-3 to-5;-3;-5;-4;;;;;-0,1731968;1,6791668;0,1423912;1,4830017;-0,3000002;0,0999999;-0,6730003;;;;;;1394
29;0;29;-1;South Tanganyika (MPU3+MPU11+MPU12) USEF;-8,5;30,75;Farrera et al. (1999);773;;-2 to-8;-2;-8;-5;;;;;0,7772598;2,8583336;1,147171;2,3419991;1,0999999;1,0999999;0,3269997;;;;;;767
30;1;30;75;unknown;-5;29;Bartlein et al. (2011);;;;-2,2949;-0,3051;-1,3;-1,3067;0;0;1;-3,0483887;-1,616666;-2,375436;-1,2580006;-2,2;-2,2999999;-3,3730003;Albertine Rift Mountains;Africa;East African Highlands;Albertine Rift Mountains;Burundi, Democratic Republic of the Congo, Rwanda, South Sudan, Tanzania, Uganda, Zambia;1953
31;1;31;75;unknown;-3;29;Bartlein et al. (2011);;;;-0,9699;0,5033;-0,2333;-0,3168;0;0;3;-4,1821863;-2,5083668;-3,7270977;-2,0837013;-4,1667001;-3,8666999;-4,4397003;Albertine Rift Mountains;Africa;East African Highlands;Albertine Rift Mountains;Burundi, Democratic Republic of the Congo, Rwanda, South Sudan, Tanzania, Uganda, Zambia;1437
32;0;32;-1;unknown;-11;31;Bartlein et al. (2011);;;;-2,3969;-0,2031;-1,3;-1,1852;0;0;1;-3,0514767;-1,6375;-2,3965694;-1,4840004;-2,4;-2,4;-3,3730003;;;;;;1228
33;0;33;-1;unknown;-9;31;Bartlein et al. (2011);;;;-2,657;-0,843;-1,75;-1,9294;0;0;2;-2,5899849;-0,6541672;-2,0921631;-0,9080009;-2,1500001;-2,05;-2,9230003;;;;;;1391
34;0;34;-1;unknown;-19;47;Bartlein et al. (2011);;;;1,5931;4,8069;3,2;1,9914;0;0;1;-6,9400799;-7,054167;-6,8465321;-5,8170006;-6,7;-6,7;-7,8730003;;;;;;1414
35;0;35;-1;unknown;-19;49;Bartlein et al. (2011);;;;-4,0429;0,2429;-1,9;-0,8866;0;0;1;-0,7483593;-1,683334;-2,1489044;-0,6;-2,4000002;-2,4000002;-2,7730003;;;;;;13
36;1;36;48;(DPDR-1);-6,84;107,6;Farrera et al. (1999);660,5;;-3 to-2;-2;-3;-2,5;;;;;0,0689335;-0,3666668;-1,5166321;0,3590012;-0,3;-1,0999999;-2,1730003;Malay Archipelago;Eurasia;Southeast Asia;Malay Archipelago;Brunei, Indonesia, Malaysia, Philippines, Papua New Guinea, Timor-Leste;1072
37;0;37;-1;DPDR-II);-6,98;107,73;Farrera et al. (1999);662;;-3 to-2;-2;-3;-2,5;;;;;0,0689335;0,083334;-1,5166321;0,3590012;-1,0999999;-1,0999999;-2,1730003;;;;;;663
38;1;38;48;Lembang Swamp;-6,73;107,62;Farrera et al. (1999);1200;;-3,6 to-7,2;-3,6;-7,2;-5,4;;;;;2,9689335;2,3041653;1,3833679;3,2590012;-1,5000001;1,6;0,7269997;Malay Archipelago;Eurasia;Southeast Asia;Malay Archipelago;Brunei, Indonesia, Malaysia, Philippines, Papua New Guinea, Timor-Leste;1262
39;1;39;48;Situ Bayongbong;-7,18;107,28;Farrera et al. (1999);1300;;-4 min;-4;-4;-4;;;;;1,2716274;1,3708324;0,5724468;1,7169991;2,1;0,8;-0,6730003;Malay Archipelago;Eurasia;Southeast Asia;Malay Archipelago;Brunei, Indonesia, Malaysia, Philippines, Papua New Guinea, Timor-Leste;1127
40;0;40;-1;Draepi;-5,65;114,18;Farrera et al. (1999);1585;;-2,5 min;-2,5;-2,5;-2,5;;;;;2,5;0,0041676;-2,2509594;0,6669998;2,5;2,5;-2,1730003;;;;;;0
41;1;41;48;Telefomin TOMON;-5,18;141,63;Farrera et al. (1999);1280;;-4 to -5;-4;-5;-4,5;;;;;1,3964157;0,8875008;1,0142899;2,5410004;0,9000001;0,9000001;-0,1730003;Malay Archipelago;Eurasia;Southeast Asia;Malay Archipelago;Brunei, Indonesia, Malaysia, Philippines, Papua New Guinea, Timor-Leste;1832
42;1;42;48;Sirunki ;-5,4;143,42;Farrera et al. (1999);2550;-1200;-5,5 to -2;-2;-5,5;-3,75;;;;;0,5572948;0,7250004;0,2853851;1,8579998;0,75;0,25;-0,9229994;Malay Archipelago;Eurasia;Southeast Asia;Malay Archipelago;Brunei, Indonesia, Malaysia, Philippines, Papua New Guinea, Timor-Leste;2097
43;1;43;48;Tugupugua;-5,7;142,62;Farrera et al. (1999);2350;;-5,3 to -7,8;-5,3;-7,8;-6,55;;;;;3,1445988;2,8291672;3,0578793;4,5999992;2,9500001;3,05;1,8770006;Malay Archipelago;Eurasia;Southeast Asia;Malay Archipelago;Brunei, Indonesia, Malaysia, Philippines, Papua New Guinea, Timor-Leste;2572
44;1;44;48;Komanimanbuno;-5,8;145,07;Farrera et al. (1999);2740;-1200;-5 to -8;-5;-8;-6,5;;;;;3,2726421;3,0541673;2,9368534;4,6660004;6,1;2,9000001;1,8270001;Malay Archipelago;Eurasia;Southeast Asia;Malay Archipelago;Brunei, Indonesia, Malaysia, Philippines, Papua New Guinea, Timor-Leste;3377
45;0;45;-1;Kuk;-5,82;144,31;Farrera et al. (1999);1550;;-2,5 min;-2,5;-2,5;-2,5;;;;;-1,2490845;-0,2833328;-1,0448551;0,6089993;-1,2;-1,0999999;-2,1730003;;;;;;1635
46;0;46;-1;Ambra Ambr;-5,85;144,3;Farrera et al. (1999);1540;;-2 min;-2;-2;-2;;;;;-1,7490845;-0,7750006;-1,5448551;0,1089993;-1,7;-1,7;-2,6730003;;;;;;1637
47;0;47;-1;Haepugua (6);-5,85;142,95;Farrera et al. (1999);1650;;-3,4 to -6;-3,4;-6;-4,7;;;;;1,2945988;1,5249998;1,2078793;2,7499992;1,1000001;1,2;0,0269997;;;;;;1667
48;1;48;48;Aluaipugua;-5,97;143,15;Farrera et al. (1999);2750;;-5,8 to -7,3;-5,8;-7,3;-6,55;;;;;2,8505629;3,0041674;3,0358685;4,6579998;2,6499999;2,9500001;1,8769997;Malay Archipelago;Eurasia;Southeast Asia;Malay Archipelago;Brunei, Indonesia, Malaysia, Philippines, Papua New Guinea, Timor-Leste;2718
49;0;49;-1;Lynch's Crater (A);-17,37;145,7;Farrera et al. (1999);760;;-3±2;-1;-5;-3;;;;;-0,4276714;0,2958336;-0,9167633;-0,1000004;-0,9000001;-0,8;-1,6730003;;;;;;820
50;0;50;-1;Strenekoff's Crater;-17,33;145,55;Farrera et al. (1999);740;;-2 to-4;-2;-4;-3;;;;;-0,4276714;0,3250008;-0,9167633;-0,1000004;-0,7;-0,8;-1,6730003;;;;;;744
51;1;51;48;Kosipe;-8,47;147,2;Farrera et al. (1999);1960;-1100 to -1600;-6 to -5;-5;-6;-5,5;;;;;2,6029091;2,7250004;1,4957256;3,6750011;2,5;1,5;0,8269997;Malay Archipelago;Eurasia;Southeast Asia;Malay Archipelago;Brunei, Indonesia, Malaysia, Philippines, Papua New Guinea, Timor-Leste;2098
52;1;52;61;Wainisavulevu;-17,68;178;Farrera et al. (1999);780;;-4 to-3;-3;-4;-3,5;;;;;1,4868183;1,0083332;0,9203548;1,4330006;0,5;1;-1,1730003;Fiji;Oceania;Melanesia;Fiji;Fiji;824
53;1;53;130;Vicente Lachner;9,71;-83,93;Farrera et al. (1999);2400;-650;-3,6;-3,6;-3,6;-3,6;;;;;-0,5420851;1,0291658;0,1994568;0,6500011;-0,4;0,1;-1,0730003;Chorotega Highlands*;North America;Cordillera Centroamericana;Chorotega Highlands*;Costa Rica, Nicaragua, Panama;2349
54;1;54;130;La Chonta (2 & 4);9,68;-83,95;Farrera et al. (1999);2310;-1500;-8;-8;-8;-8;;;;;3,8579149;5,458334;4,5994568;5,0500011;3;4,5;3,3269997;Chorotega Highlands*;North America;Cordillera Centroamericana;Chorotega Highlands*;Costa Rica, Nicaragua, Panama;2258
55;1;55;130;La Chonta (1);9,68;-83,95;Farrera et al. (1999);2310;-1000 to -1400;-7 to-8;-7;-8;-7,5;;;;;3,3579149;4,958334;4,0994568;4,5500011;2,5;4;2,8269997;Chorotega Highlands*;North America;Cordillera Centroamericana;Chorotega Highlands*;Costa Rica, Nicaragua, Panama;2258
56;0;56;-1;El Valle;9;-80;Farrera et al. (1999);500;;-4;-4;-4;-4;;;;;4;1,2041664;0,6999435;1,0170002;0,7;0,7;-0,6730003;;;;;;61
57;0;57;-1;El Valle;9;-80;Farrera et al. (1999);550;;-5;-5;-5;-5;;;;;5;2,2041664;1,6999435;2,0170002;1,7;1,7;0,3269997;;;;;;61
58;1;58;130;Lake La Yeguada;8,45;-80,85;Farrera et al. (1999);650;;-5;-5;-5;-5;;;;;-0,1387348;2,4708328;1,5686817;2,092001;1,5999999;1,5999999;0,3269997;Chorotega Highlands*;North America;Cordillera Centroamericana;Chorotega Highlands*;Costa Rica, Nicaragua, Panama;630
59;0;59;-1;San Juan Bosco;3,05;-78,45;Farrera et al. (1999);970;;-7,5;-7,5;-7,5;-7,5;;;;;7,5;4,6083336;4,3536358;5,4500008;7,5;7,5;2,8269997;;;;;;0
60;0;60;-1;Lake Surucucho (Llavicu);3,05;-78,75;Farrera et al. (1999);3180;-800;-7,5;-7,5;-7,5;-7,5;;;;;7,5;4,5874996;4,488224;5,4500008;7,5;7,5;2,8269997;;;;;;0
61;1;61;23;Mera;1,48;-77,5;Farrera et al. (1999);1100;;-7,5;-7,5;-7,5;-7,5;;;;;4,0447416;4,4833336;3,9501352;5,3669996;6,6;3,8;2,8269997;Northern Andes;South America;Andes;Northern Andes;Colombia, Ecuador, Peru, Venezuela;946
62;0;62;-1;Laguna de Fuquene;5,5;-73,77;Farrera et al. (1999);2580;-1200 to -1500;-6 to -10;-6;-10;-8;;;;;4,1419868;4,9333334;4,4131994;5,8910007;4,2;4,3;3,3269997;;;;;;2542
63;1;63;23;Paramo de Agua Blanca (PABI);5;-74,16;Farrera et al. (1999);3250;-1000 min;-7 to-8;-7;-8;-7,5;;;;;3,2518797;4,4041667;3,8919678;5,3330002;5,8;3,8;2,8270001;Northern Andes;South America;Andes;Northern Andes;Colombia, Ecuador, Peru, Venezuela;3299
64;1;64;23;La Laguna;4,91;-74,33;Farrera et al. (1999);2900;-400;-3 to-4;-3;-4;-3,5;;;;;-0,7149363;0,4416666;-0,0819759;1,3829994;0,3;-0,2;-1,1729994;Northern Andes;South America;Andes;Northern Andes;Colombia, Ecuador, Peru, Venezuela;2773
65;1;65;23;La Laguna (2nd estimate);4,91;-74,33;Farrera et al. (1999);2900;-900 to -1100;-6 to-8;-6;-8;-7;;;;;2,7850637;3,9416666;3,4180241;4,8829994;3,8;3,3;2,3270006;Northern Andes;South America;Andes;Northern Andes;Colombia, Ecuador, Peru, Venezuela;2773
66;0;66;-1;Sabana de Bogota (CUX);4,83;-74,2;Farrera et al. (1999);2560;-1200 to -1500;-8;-8;-8;-8;;;;;3,7850637;4,9916658;4,4180241;5,8829994;5;4,3;3,3269997;;;;;;2709
67;1;67;23;Parque de los Nevados (TNP21,37,40,51);4,5;-75,5;Farrera et al. (1999);1800-2940;-500;-6;-6;-6;-6;;;;;2,7086143;2,9083338;2,3366375;3,8579998;2,3;2,0999999;1,3270001;Northern Andes;South America;Andes;Northern Andes;Colombia, Ecuador, Peru, Venezuela;3163
68;0;68;-1;Lagoa Verde;0,27;-64,41;Farrera et al. (1999);250-300;;-5;-5;-5;-5;;;;;1,3229637;1,8583336;1,7735062;2,3500004;1,9000001;1,8;0,3269997;;;;;;56
69;0;69;-1;Lake Pata;0,26;-66,68;Farrera et al. (1999);300;;-5 to -6;-5;-6;-5,5;;;;;1,7646961;0,7333336;2,0986176;2,75;1,8;2,3;0,8269997;;;;;;107
70;0;70;-1;Bosumtwi (B7);6,5;-1,41;Farrera et al. (1999);100;;-3 to-4;-3;-4;-3,5;;;;;-0,5850582;0,9749985;-0,2588253;0,9909992;-0,5;-0,3;-1,1730003;;;;;;97
71;0;71;-1;unknown;7;-1;Bartlein et al. (2011);;;;-3,5816;-0,4184;-2;-1,2645;0;0;1;-2,3031731;-0,520834;-1,6993484;-0,75;-1,7;-1,7;-2,6730003;;;;;;109
72;1;72;37;unknown;5;9;Bartlein et al. (2011);;;;-4,1653;-2,6347;-3,4;-4,4427;-1;-3,4;1;-0,2319427;-0,0249992;-0,2887684;0,7910007;-0,4;-0,1;-1,2730003;Cameroon line;Africa;Central African Highlands;Cameroon line;Central African Republic, Cameroon, Equatorial Guinea, Nigeria, São Tomé and Príncipe, Chad;552
73;0;73;-1;unknown;11;13;Bartlein et al. (2011);;;;-7,4714;-5,3286;-6,4;-5,9735;-1;-6,4;1;1,7078995;4,4458336;3,3019852;1,0830006;3,3000001;3,3000001;1,7269997;;;;;;418
74;1;74;29;Sacred Lake;0,03;37,47;Farrera et al. (1999);2400;-1000 to -1100;-5,1 to -8,8;-5,1;-8,8;-6,95;;;;;2,8094923;3,8708336;3,7210171;4,6419994;3,75;3,75;2,2769997;Eastern Rift mountains;Africa;East African Highlands;Eastern Rift mountains;Kenya, South Sudan, Tanzania, Uganda;2826
75;1;75;29;Sacred Lake-82;0,03;37,47;Farrera et al. (1999);2400;-700;-4,4;-4,4;-4,4;-4,4;;;;;0,2594923;1,3208336;1,1710171;2,0919994;1,2;1,2;-0,2730003;Eastern Rift mountains;Africa;East African Highlands;Eastern Rift mountains;Kenya, South Sudan, Tanzania, Uganda;2826
76;1;76;29;Lake Rutundu (B);-0,17;37,37;Farrera et al. (1999);3140;-1000 to -1100;-5,1 to -8,8;-5,1;-8,8;-6,95;;;;;3,0304596;3,5083334;3,7123348;4,575;5,95;3,65;2,2770001;Eastern Rift mountains;Africa;East African Highlands;Eastern Rift mountains;Kenya, South Sudan, Tanzania, Uganda;3734
77;1;77;75;Muchoya Swamp;-1,28;29,8;Farrera et al. (1999);2260;;-4;-4;-4;-4;;;;;-0,8188171;1,083334;-0,0166101;1,8499994;-0,1999998;0;-0,6730003;Albertine Rift Mountains;Africa;East African Highlands;Albertine Rift Mountains;Burundi, Democratic Republic of the Congo, Rwanda, South Sudan, Tanzania, Uganda, Zambia;2421
78;1;78;75;unknown;-1;29;Bartlein et al. (2011);;;;-1,464;0,164;-0,65;-0,7985;0;0;2;-3,5985857;-2,3166672;-3,2356573;-1,2079998;-3,5499998;-3,35;-4,0230003;Albertine Rift Mountains;Africa;East African Highlands;Albertine Rift Mountains;Burundi, Democratic Republic of the Congo, Rwanda, South Sudan, Tanzania, Uganda, Zambia;1882
79;0;79;-1;unknown;1;35;Bartlein et al. (2011);;;;-1,5224;0,7224;-0,4;-0,3564;0;0;1;-4,3221823;-1,3208347;-2,7580219;-1,7170006;-3,0000001;-3,0000001;-4,2730003;;;;;;1868
80;0;80;-1;unknown;-1;37;Bartlein et al. (2011);;;;-4,0742;-2,4258;-3,25;-3,943;-1;-3,25;2;-0,3197403;0,5499992;0,0023746;0,8999996;0,05;-0,1500001;-1,4230003;;;;;;1544
81;0;81;-1;unknown;1;37;Bartlein et al. (2011);;;;0,8112;2,1888;1,5;2,1777;1;1,5;1;-6,3923674;-4,0916672;-4,7637615;-3,6919994;-4,7;-4,8;-6,1730003;;;;;;1223
82;1;82;47;Colgrain;11,43;76,63;Farrera et al. (1999);2330;;-5 to-2;-2;-5;-3,5;;;;;0,6596699;1,854166;0,0747585;1,3829994;-0,2;0,0999999;-1,1730003;Indian Subcontinent Ranges;Eurasia;South Asia;Indian Subcontinent Ranges;India;2270
83;1;83;47;Sandynallah;11,43;76,63;Farrera et al. (1999);2200;-800;-5;-5;-5;-5;;;;;2,1596699;3,354166;1,5747585;2,8829994;1,3;1,5999999;0,3269997;Indian Subcontinent Ranges;Eurasia;South Asia;Indian Subcontinent Ranges;India;2270
84;0;84;-1;Peasim sim;2,17;98,08;Farrera et al. (1999);1450;;-3;-3;-3;-3;;;;;0,0329132;-0,1333332;-0,090477;1,1749992;3;0;-1,6730003;;;;;;0
85;0;85;-1;Danau Di Atas;1,05;100,77;Farrera et al. (1999);1535;;3 min;3;3;3;;;;;-6,9095592;-6,8875008;-6,5829811;-4,9169998;-6,5;-6,5;-7,6730003;;;;;;29
86;0;86;-1;Wanda wand;-2,55;121,38;Farrera et al. (1999);440;;-3 to -2;-2;-3;-2,5;;;;;-0,8161011;-0,2416668;-1,4111881;0,75;-1,5;-1,2;-2,1730003;;;;;;530
87;1;87;48;Lake Hordorli Lake;-2,53;140,55;Farrera et al. (1999);780;;-1 to -2;-1;-2;-1,5;;;;;-1,1941299;-1,2000008;-1,7043743;-0,4080009;1,9;-1,7;-3,1730003;Malay Archipelago;Eurasia;Southeast Asia;Malay Archipelago;Brunei, Indonesia, Malaysia, Philippines, Papua New Guinea, Timor-Leste;727
88;0;88;-1;unknown;29;-99;Bartlein et al. (2011);;;;-5,3571;-4,6429;-5;-14,0017;-1;-5;1;-2,0904608;0,583334;-3,5346975;1,7169991;-3,3999996;-3,5;0,3269997;;;;;;181
89;0;89;-1;Laguna Quexil (80-1);16,91;-89,81;Farrera et al. (1999);110;;-6,5 to-8;-6,5;-8;-7,25;;;;;4,4194832;4,8875008;3,7999554;5,0499992;3,75;3,75;2,5769997;;;;;;134
90;0;90;-1;unknown;27;-81;Bartlein et al. (2011);;;;-3,1001;-1,0099;-2,055;-1,9663;0;0;1;-2,3016723;0,2466676;-2,6141513;-0,6280006;-2,1449998;-2,1449998;-2,6180003;;;;;;6
91;0;91;-1;unknown;21;19;Bartlein et al. (2011);;;;-7,7265;-5,0735;-6,4;-4,8247;-1;-6,4;1;2,3066801;2,129166;1,275144;1,2909998;1,4;1,3000001;1,7269997;;;;;;965
92;0;92;-1;Sankhu;27,68;85,4;Farrera et al. (1999);1500;;-6 to-8;-6;-8;-7;;;;;2,2968836;3,6791677;3,0669546;3,282999;3,4000001;3,4000001;2,3269997;;;;;;1311
93;1;93;53;Daganba;26,5;105,7;Farrera et al. (1999);1335;;-6;-6;-6;-6;;;;;2,6391258;3,9041672;2,5298576;3,6170006;3,2;2,5999999;1,3269997;South China Mountains;Eurasia;East Asia;South China Mountains;China, Hong Kong, Taiwan, Vietnam;1459
94;1;94;53;Bihen evin Bihengyin;25,8;105,4;Farrera et al. (1999);1250;;-5 min;-5;-5;-5;;;;;1,9072475;3,3291664;1,4928846;3,0669994;1,0999999;1,5;0,3269997;South China Mountains;Eurasia;East Asia;South China Mountains;China, Hong Kong, Taiwan, Vietnam;758
95;0;95;-1;Mangyang (N);22;100,5;Farrera et al. (1999);1200;;-1,5 to -3;-1,5;-3;-2,25;;;;;-1,626544;-0,4250011;-1,3056021;1,0330009;-1,3499999;-1,25;-2,4230003;;;;;;1202
96;1;96;52;Nonggong Lake (TH3);22;100;Farrera et al. (1999);1170;;0;0;0;0;;;;;-3,9031181;-2,666666;-3,589344;-1,1749992;-3,4000001;-3,5;-4,6730003;Indochinese Peninsula;Eurasia;Southeast Asia;Indochinese Peninsula;Bangladesh, China, India, Cambodia, Laos, Myanmar, Malaysia, Thailand, Vietnam;1045
97;0;97;-1;Ducun (827);31;120,4;Farrera et al. (1999);3;;-7 to-10;-7;-10;-8,5;;;;;8,5;5,3249998;3,5586119;1,8659992;3,3000002;3,3000002;3,8269997;;;;;;0
98;0;98;-1;Sanshut (KS);23,1;112,8;Farrera et al. (1999);40;;-7;-7;-7;-7;;;;;4,0322075;4,875;3,2770481;4,3829994;3,5;3,5;2,3269997;;;;;;4
99;0;99;-1;Henglan (PK 19);22,5;113,2;Farrera et al. (1999);30;;-7;-7;-7;-7;;;;;7;4,979166;2,9198189;4,4090004;3,2;3,2;2,3269997;;;;;;1
100;0;100;-1;unknown;45;-123;Bartlein et al. (2011);;;;-6,2818;-3,4682;-4,875;-3,4653;-1;-4,875;1;0,2743182;-0,9500008;-1,9994125;0,592;-1,5250001;-1,5250001;0,2020001;;;;;;50
101;0;101;-1;unknown;47;-123;Bartlein et al. (2011);;;;-9,1073;-6,5787;-7,843;-6,2034;-1;-7,843;1;2,5475994;1,7929993;-4,401112;2,8929997;-5,2570004;-5,157;3,1700001;;;;;;78
102;1;102;56;unknown;45;-121;Bartlein et al. (2011);;;;3,0703;3,7377;3,404;10,2008;1;3,404;1;-10,2253997;-9,8081672;-13,4234702;-8,404;-13,7040002;-12,3039996;-8,0769999;Intermountain West;North America;American Cordillera (North America);Intermountain West;Canada, Mexico, United States;996
103;1;103;56;unknown;33;-109;Bartlein et al. (2011);;;;-9,0504;-7,6186;-8,3345;-11,6418;-1;-8,3345;2;1,2758767;2,8594996;1,4537832;2,5925004;1,8345;1,6345002;3,6614997;Intermountain West;North America;American Cordillera (North America);Intermountain West;Canada, Mexico, United States;1912
104;0;104;-1;unknown;39;-93;Bartlein et al. (2011);;;;-16,9852;-15,1588;-16,072;-17,5996;-1;-16,072;1;2,2348704;-3,157166;-1,4804197;4,914;-1,2279992;-1,2279992;11,3989997;;;;;;197
105;0;105;-1;unknown;41;-91;Bartlein et al. (2011);;;;-16,9404;-13,2136;-15,077;-8,0911;-1;-15,077;1;0,9022201;-6,6813332;-3,3923947;-1,4070012;-3,2229992;-3,2229992;10,4040001;;;;;;161
106;0;106;-1;unknown;35;-85;Bartlein et al. (2011);;;;-13,2529;-12,2601;-12,7565;-25,6998;-1;-12,7565;2;3,230356;4,1231658;3,3246572;8,2895;3,3565004;3,4564998;8,0835006;;;;;;288
107;0;107;-1;unknown;37;-85;Bartlein et al. (2011);;;;-12,2598;-10,9632;-11,6115;-17,9099;-1;-11,6115;2;0,1927311;-1,0635002;-0,8656824;2,7535002;-0,0884998;-0,1885002;6,9385006;;;;;;285
108;0;108;-1;unknown;33;-81;Bartlein et al. (2011);;;;-4,2551;-3,7449;-4;-15,6801;-1;-4;1;-4,6181202;0,0291672;-3,4755239;0,3909998;-3,3000002;-3,3000002;-0,6730003;;;;;;40
109;0;109;-1;unknown;35;-81;Bartlein et al. (2011);;;;-16,2918;-14,7262;-15,509;-19,8122;-1;-15,509;1;5,6176044;9,7714989;6,5488731;11,0929996;6,6090004;6,509;10,8359997;;;;;;161
110;0;110;-1;unknown;33;-79;Bartlein et al. (2011);;;;-15,0191;-13,5329;-14,276;-19,2114;-1;-14,276;1;3,6598196;10,6551676;7,3741016;10,6670007;14,276;14,276;9,6029997;;;;;;0
111;0;111;-1;unknown;35;-79;Bartlein et al. (2011);;;;-16,2118;-15,0302;-15,621;-26,4404;-1;-15,621;1;5,5253198;10,5793321;6,3716037;11,2379996;6,4210002;6,4210002;10,9479997;;;;;;63
112;0;112;-1;unknown;37;-77;Bartlein et al. (2011);;;;-15,2123;-14,7337;-14,973;-62,57;-1;-14,973;1;3,0126662;8,2146668;2,2941823;6,8139996;2,1729998;2,1729998;10,3000006;;;;;;34
113;0;113;-1;unknown;41;-75;Bartlein et al. (2011);;;;-8,8577;-7,9023;-8,38;-17,5424;-1;-8,38;1;-12,7346107;-4,9866668;-11,2906791;-8,1289989;-11,5199996;-11,4199992;3,7070001;;;;;;274
114;1;114;34;unknown;43;-7;Bartlein et al. (2011);;;;-10,9786;-5,6214;-8,3;-3,0986;-1;-8,3;1;1,8709248;4,7750004;4,1968582;1,2749999;4,5;3,9999998;3,6270001;Southwest European Highlands;Eurasia;Europe;Southwest European Highlands;Andorra, Spain, France, Portugal;555
115;1;115;34;unknown;37;-3;Bartlein et al. (2011);;;;-8,299;-5,901;-7,1;-5,9216;-1;-7,1;1;1,5869809;2,204166;2,7823196;1,7830006;3,3;2,6999999;2,4269997;Southwest European Highlands;Eurasia;Europe;Southwest European Highlands;Andorra, Spain, France, Portugal;818
116;1;116;34;unknown;43;-1;Bartlein et al. (2011);;;;-4,9112;-1,9888;-3,45;-2,3611;-1;-3,45;2;-2,3249205;-0,9791663;-1,1389149;-2,8579996;-0,8500002;-1,3500002;-1,2229999;Southwest European Highlands;Eurasia;Europe;Southwest European Highlands;Andorra, Spain, France, Portugal;1232
117;0;117;-1;unknown;43;3;Bartlein et al. (2011);;;;-8,5367;-4,8633;-6,7;-3,6478;-1;-6,7;1;0,7001268;2,9958326;1,4820807;0,7839996;1,2;1,2;2,0269997;;;;;;112
118;0;118;-1;unknown;45;3;Bartlein et al. (2011);;;;-11,5786;-6,2214;-8,9;-3,3226;-1;-8,9;1;1,7725486;4,9083337;3,6606149;1,8500003;3,4;3,4;4,2270001;;;;;;1014
119;0;119;-1;unknown;45;5;Bartlein et al. (2011);;;;-16,1704;-11,6296;-13,9;-6,1223;-1;-13,9;1;7,3159584;9,920833;8,3681473;6,9580006;8,0999998;8,0999998;9,2269997;;;;;;175
120;0;120;-1;unknown;47;7;Bartlein et al. (2011);;;;-12,9837;-9,6163;-11,3;-6,7114;-1;-11,3;1;4,9838942;7,216667;4,953101;3,05;5,9999998;4,4999998;6,6270001;;;;;;423
121;0;121;-1;unknown;41;13;Bartlein et al. (2011);;;;-9,4316;-3,7684;-6,6;-2,3308;-1;-6,6;1;6,6;2,9999996;0,9214045;2,1830002;6,6;6,6;1,9269997;;;;;;0
122;0;122;-1;unknown;41;15;Bartlein et al. (2011);;;;-7,7684;-3,4316;-5,6;-2,5825;-1;-5,6;1;0,5409618;1,9708334;-0,2548927;1,258;-0,9;-0,4999999;0,9270006;;;;;;392
123;0;123;-1;unknown;39;21;Bartlein et al. (2011);;;;-10,1408;-6,0592;-8,1;-3,969;-1;-8,1;1;3,1021658;5,0291668;2,6469799;3,7000004;8,1;2,6;3,4269997;;;;;;0
124;0;124;-1;unknown;41;21;Bartlein et al. (2011);;;;-7,3939;-3,0061;-5,2;-2,3702;-1;-5,2;1;0,2308332;1,6749994;-0,5719455;1,2079999;-0,6000002;-0,6000002;0,5270001;;;;;;846
125;1;125;51;unknown;39;23;Bartlein et al. (2011);;;;-6,9347;-3,4653;-5,2;-2,9976;-1;-5,2;1;1,1084206;2,1041662;-0,4133976;0,9579994;5,2;-0,3;0,5269997;Southeast European Highlands;Eurasia;Europe;Southeast European Highlands;Albania, Bulgaria, Bosnia and Herzegovina, Greece, Croatia, Hungary, Italy, Macedonia, Montenegro, Romania, Serbia, Slovenia, Turkey, Kosovo;280
126;0;126;-1;unknown;41;25;Bartlein et al. (2011);;;;-7,549;-2,651;-5,1;-2,0825;-1;-5,1;1;0,7953363;1,8333336;-0,8358263;1,0919996;-0,9999999;-0,9;0,4270006;;;;;;39
127;1;127;174;unknown;37;29;Bartlein et al. (2011);;;;-3,0367;0,6367;-1,2;-0,6533;0;0;1;-3,0192907;-1,3874996;-3,7308252;-3,3249996;-3,3999999;-3,6000002;-3,4729994;Anatolian / Armenian Highlands;Eurasia;Western Asia;Anatolian / Armenian Highlands;Armenia, Azerbaijan, Georgia, Greece, Iran, Iraq, Turkey;721
128;1;128;174;unknown;39;31;Bartlein et al. (2011);;;;-5,3306;-2,2694;-3,8;-2,4827;-1;-3,8;1;-0,3800599;0,5625003;-1,331506;-1,0410006;-1,3999998;-1,6000001;-0,8729999;Anatolian / Armenian Highlands;Eurasia;Western Asia;Anatolian / Armenian Highlands;Armenia, Azerbaijan, Georgia, Greece, Iran, Iraq, Turkey;1092
129;0;129;-1;unknown;47;31;Bartlein et al. (2011);;;;-10,1022;-7,6312;-8,8667;-7,1768;-1;-8,8667;3;2,7914503;4,4250329;-0,8667938;4,3416999;-0,8332998;-0,9333002;4,1937001;;;;;;0
130;0;130;-1;unknown;35;35;Bartlein et al. (2011);;;;-12,8602;-9,3398;-11,1;-6,3061;-1;-11,1;1;11,1;7,7291656;6,9755274;6,0829998;11,1;11,1;6,4269997;;;;;;0
131;0;131;-1;unknown;47;39;Bartlein et al. (2011);;;;-15,1985;-11,3015;-13,25;-6,8002;-1;-13,25;2;7,4515457;9,3041673;4,6532784;7,7750001;13,25;13,25;8,5770001;;;;;;0
132;1;132;174;unknown;41;41;Bartlein et al. (2011);;;;-9,5978;-7,5022;-8,55;-8,1596;-1;-8,55;2;4,8147953;2,5333336;3,6363605;0,8;5,35;3,7499998;3,8770001;Anatolian / Armenian Highlands;Eurasia;Western Asia;Anatolian / Armenian Highlands;Armenia, Azerbaijan, Georgia, Greece, Iran, Iraq, Turkey;945
133;0;133;-1;unknown;43;41;Bartlein et al. (2011);;;;-9,2682;-7,4818;-8,375;-9,376;-1;-8,375;4;4,8205938;3,6124992;3,3538189;1,2330003;3,4749999;3,5749998;3,7020006;;;;;;6
134;1;134;68;unknown;41;45;Bartlein et al. (2011);;;;-12,7784;-9,4216;-11,1;-6,6133;-1;-11,1;2;7,1519433;4,6833335;7,1089724;2,1909996;7,6;7,0000001;6,4270001;Caucasus Mountains;Eurasia;Western Asia;Caucasus Mountains;Armenia, Azerbaijan, Georgia, Russia, Turkey, Caspian Sea;1398
135;1;135;38;unknown;35;47;Bartlein et al. (2011);;;;-8,0755;-5,5245;-6,8;-5,3312;-1;-6,8;1;1,7225283;0,8458326;0,8690327;-0,3830006;0,3;0,4999998;2,1270006;Iranian Plateau;Eurasia;Western Asia;Iranian Plateau;Afghanistan, Azerbaijan, Iran, Iraq, Pakistan, Turkmenistan, Turkey, Caspian Sea;1660
136;1;136;12;unknown;39;73;Bartlein et al. (2011);;;;-8,5153;-4,4847;-6,5;-3,2253;-1;-6,5;1;0,8542047;-0,666667;1,6685123;-2,2250004;0,3000002;1,3000002;1,8270006;Pamir Mountains;Eurasia;Central Asia;Pamir Mountains;Afghanistan, China, Kyrgyzstan, Pakistan, Tajikistan;5161
137;1;137;30;unknown;41;75;Bartlein et al. (2011);;;;1,7589;2,8411;2,3;4,2502;1;2,3;2;-7,019698;-8,8500002;-7,0407198;-10,6830004;-7,3999999;-7,3;-6,9729999;Tian Shan;Eurasia;Central Asia;Tian Shan;Afghanistan, China, Kazakhstan, Kyrgyzstan, Tajikistan, Turkmenistan, Uzbekistan;3054
138;1;138;18;Chabyer (ZK91-2);31,3;84,1;Farrera et al. (1999);4421;;-6;-6;-6;-6;;;;;1,2340527;2,3208332;0,9048061;0,6999998;0,5;0,8000002;1,3270001;Tibetan Plateau;Eurasia;Central Asia;Tibetan Plateau;China, India, Myanmar, Pakistan;4548
139;0;139;-1;unknown;37;101;Bartlein et al. (2011);;;;-6,2806;-3,2194;-4,75;-3,1034;-1;-4,75;1;-0,1356359;0,3583336;0,2717962;-2,0499997;0,25;0,25;0,0770001;;;;;;3100
140;0;140;-1;unknown;47;111;Bartlein et al. (2011);;;;-9,1771;-6,7229;-7,95;-6,4784;-1;-7,95;2;1,4842898;1,825;1,4692294;-0,5750006;1,45;1,3500001;3,2770001;;;;;;1272
141;0;141;-1;Suzhou (59);31,3;120,6;Farrera et al. (1999);2;;-7,5;-7,5;-7,5;-7,5;;;;;2,7973013;4,3041658;2,3585615;0,8659992;2,3000002;2,3000002;2,8269997;;;;;;8
142;0;142;-1;Wuhu (Zk13);31,3;118,3;Farrera et al. (1999);9,6;;-7 (-9 max);-7;-9;-8;;;;;3,6671782;4,0541668;3,4259968;1,3999996;3,3000002;3,1999998;3,3269997;;;;;;1
143;0;143;-1;unknown;35;135;Bartlein et al. (2011);;;;-11,2362;-8,9638;-10,1;-8,8889;-1;-10,1;2;4,4130598;6,7833334;2,6425944;2,4080001;3,4000002;2,9000002;5,4269997;;;;;;88
144;1;144;121;unknown;65;-147;Bartlein et al. (2011);;;;-4,5283;-2,2559;-3,3921;-2,9853;-1;-3,3921;2;1,5423123;7,433766;-3,9285906;0,6921002;-2,9079002;-3,4079002;-1,2808999;Alaska-Yukon Ranges;North America;American Cordillera (North America);Alaska-Yukon Ranges;Canada, Russia, United States;206
145;0;145;-1;unknown;49;27;Bartlein et al. (2011);;;;-12,4278;-9,5056;-10,9667;-7,5057;-1;-10,9667;3;4,1230835;2,883366;0,2855791;4,6757001;0,1666998;0,2667002;6,2937001;;;;;;310
146;0;146;-1;unknown;57;37;Bartlein et al. (2011);;;;-13,8174;-10,6826;-12,25;-7,8154;-1;-12,25;2;1,0344181;-1,9041672;-4,1696587;2,967;-3,9500008;-3,8500004;7,5770001;;;;;;139
147;0;147;-1;unknown;57;39;Bartlein et al. (2011);;;;-13,8497;-10,1503;-12;-6,4877;-1;-12;2;1,4674168;-1,6374998;-3,6296902;3,717;-3,1999998;-3,3000002;7,3270001;;;;;;127
148;0;148;-1;unknown;59;39;Bartlein et al. (2011);;;;-11,7298;-7,6702;-9,7;-4,7787;-1;-9,7;2;-2,9530437;-3,7750004;-8,0708759;-0,5080002;-7,8;-7,8;5,0270001;;;;;;162
149;0;149;-1;unknown;57;41;Bartlein et al. (2011);;;;-9,0408;-4,9592;-7;-3,43;-1;-7;1;-3,4260721;-6,1833324;-7,6994648;-0,4749999;-7,6999998;-7,6999998;2,3270001;;;;;;110
150;0;150;-1;unknown;55;57;Bartlein et al. (2011);;;;-5,2196;-2,9304;-4,075;-3,5603;-1;-4,075;4;-3,8525246;-3,8791669;-4,5827663;-1,484;-4,425;-4,5250004;-0,5979999;;;;;;183
151;0;151;-1;unknown;57;63;Bartlein et al. (2011);;;;-8,2298;-5,0702;-6,65;-4,2093;-1;-6,65;2;-2,6505018;-2,2083336;-3,1904083;1,1579999;-3,0499998;-3,0499998;1,9770001;;;;;;122
152;0;152;-1;unknown;65;65;Bartlein et al. (2011);;;;-8,3819;-4,8181;-6,6;-3,7039;-1;-6,6;3;-6,2816681;-8,1916651;-10,8651432;-2,3159994;-10,7999996;-10,7999996;1,9270006;;;;;;8
153;0;153;-1;unknown;65;67;Bartlein et al. (2011);;;;-8,1004;-5,6996;-6,9;-5,7482;-1;-6,9;3;-6,02062;-7,6958338;-10,3494888;-2,0829998;-10,3000008;-10,3000008;2,2269997;;;;;;60
154;0;154;-1;unknown;57;69;Bartlein et al. (2011);;;;-10,533;-6,967;-8,75;-4,9074;-1;-8,75;2;-0,8346767;-1,020834;-1,1438904;2,3250003;-1,25;-1,25;4,0770001;;;;;;73
155;0;155;-1;unknown;59;69;Bartlein et al. (2011);;;;-9,3331;-7,3069;-8,32;-8,212;-1;-8,32;5;-1,8085591;-1,5258328;-3,2277915;1,3540004;-3,0799996;-3,0799996;3,6470001;;;;;;42
156;0;156;-1;unknown;57;71;Bartlein et al. (2011);;;;-10,2636;-7,6364;-8,95;-6,8133;-1;-8,95;4;-0,6632212;-1,2124994;-0,8389252;2,1330001;-0,7499998;-0,7499998;4,2770001;;;;;;95
157;0;157;-1;unknown;53;83;Bartlein et al. (2011);;;;-12,9143;-6,4857;-9,7;-3,0178;-1;-9,7;1;1,2057039;1,1083328;2,3460352;2,0249998;2,2999999;2,3999998;5,0270001;;;;;;240
158;0;158;-1;unknown;55;83;Bartlein et al. (2011);;;;-12,0408;-7,9592;-10;-4,9;-1;-10;1;1,0664234;0,895833;1,6813374;2,0159998;1,8000002;1,6999998;5,3270001;;;;;;128
159;0;159;-1;unknown;59;83;Bartlein et al. (2011);;;;-10,6976;-7,7024;-9,2;-6,1433;-1;-9,2;3;-0,5823162;-0,0624998;-1,5928133;0,4159996;-1,4999998;-1,4999998;4,5270001;;;;;;97
160;0;160;-1;unknown;57;85;Bartlein et al. (2011);;;;-5,3592;-3,7158;-4,5375;-5,5223;-1;-4,5375;8;-4,6434072;-4,2999996;-4,680735;-3,8465008;-4,7625002;-4,7625002;-0,1354999;;;;;;153
161;0;161;-1;unknown;53;87;Bartlein et al. (2011);;;;-4,6077;-1,6923;-3,15;-2,1609;-1;-3,15;2;-4,3916355;-5,0249992;-3,4450794;-4,633;-3,6500002;-3,35;-1,5229999;;;;;;355
162;1;162;33;unknown;49;89;Bartlein et al. (2011);;;;-6,6809;-3,4191;-5,05;-3,0964;-1;-5,05;2;-0,7954752;-3,679167;-1,0280058;-3,266;-1,2500002;-1,2500002;0,3770001;Altai-Sayan region;Eurasia;South Siberian Mountains;Altai-Sayan region;China, Kazakhstan, Mongolia, Russia;1878
163;1;163;140;unknown;51;99;Bartlein et al. (2011);;;;-3,9928;-0,7072;-2,35;-1,4305;0;0;2;-3,6201786;-5,6166667;-3,8203963;-5,5079998;-3,65;-3,8499998;-2,3229999;Mongolian Highlands;Eurasia;South Siberian Mountains;Mongolian Highlands;Mongolia, Russia;2135
164;0;164;-1;unknown;69;-161;Bartlein et al. (2011);;;;1,2229;3,4953;2,3591;2,0763;1;2,3591;2;-7,3952757;-0,4465996;-10,159845;-14,5920988;-9,2591001;-9,3591;-7,0320994;;;;;;319
165;1;165;121;unknown;67;-157;Bartlein et al. (2011);;;;-4,1465;-1,8741;-3,0103;-2,6494;-1;-3,0103;2;1,3253492;6,1602999;-2,6904017;-5,4316994;-2,1896998;-2,1896998;-1,6626994;Alaska-Yukon Ranges;North America;American Cordillera (North America);Alaska-Yukon Ranges;Canada, Russia, United States;617
166;1;166;121;unknown;67;-153;Bartlein et al. (2011);;;;-5,5388;-3,2664;-4,4026;-3,8747;-1;-4,4026;2;2,3149764;8,6526;-2,2292703;-2,597399;-1,9974001;-2,1973999;-0,2703999;Alaska-Yukon Ranges;North America;American Cordillera (North America);Alaska-Yukon Ranges;Canada, Russia, United States;421
167;1;167;121;unknown;67;-149;Bartlein et al. (2011);;;;12,2517;14,5241;13,3879;11,7826;1;13,3879;2;-15,6409518;-10,8545662;-21,2186915;-18,9788996;-21,3879;-21,2879001;-18,0608994;Alaska-Yukon Ranges;North America;American Cordillera (North America);Alaska-Yukon Ranges;Canada, Russia, United States;970
168;0;168;-1;unknown;67;-143;Bartlein et al. (2011);;;;6,6739;9,4589;8,0664;5,7929;1;8,0664;3;-10,6028361;-5,745567;-16,497415;-11,9573998;-16,6664004;-16,7663998;-12,7393999;;;;;;195
169;0;169;-1;unknown;69;-139;Bartlein et al. (2011);;;;-1,8431;-0,1555;-0,9993;-1,1843;0;0;3;-5,2459641;1,4118004;-7,987113;-3,6086998;-6,9007001;-6,9007001;-3,6736994;;;;;;203
170;1;170;86;unknown;69;19;Bartlein et al. (2011);;;;-10,6398;-4,1602;-7,4;-2,2841;-1;-7,4;1;-9,6359478;-4,5083338;-11,8294064;-12,4330002;-11,3000008;-11,4999996;2,7270001;North European Highlands;Eurasia;Europe;North European Highlands;Finland, Norway, Russia, Sweden;85
171;0;171;-1;unknown;67;65;Bartlein et al. (2011);;;;-8,4687;-5,1979;-6,8333;-4,1783;-1;-6,8333;3;-7,0299641;-10,2292;-11,7918984;-2,6247002;-11,6667;-11,6667;2,1603001;;;;;;180
172;0;172;-1;unknown;67;71;Bartlein et al. (2011);;;;-7,1815;-4,1519;-5,6667;-3,741;-1;-5,6667;3;-8,2109226;-10,3207992;-12,2025398;-3,7992996;-12,2332996;-12,2332996;0,9936997;;;;;;21
173;0;173;-1;unknown;69;85;Bartlein et al. (2011);;;;-6,7316;-3,735;-5,2333;-3,4929;-1;-5,2333;3;-6,4705336;-9,6583655;-9,7555878;-4,5836994;-9,6666996;-9,5667002;0,5603006;;;;;;98
174;0;174;-1;unknown;69;89;Bartlein et al. (2011);;;;-3,0052;-0,6948;-1,85;-1,6015;0;0;4;-8,5997366;-12,5374989;-11,2707542;-8,0409998;-10,8499998;-10,8499998;-2,8230003;;;;;;81
